ATE,lb,ub,ATE_boot,se_boot,ci_lower,ci_upper
0.2915400492286433,-0.17140270988256667,0.7544828083398532,0.3581135605385144,0.10191355591432305,0.15507541215105475,0.5687115924543397
