ATE_obs,ATE_perm,p_val
0.2915400492286433,0.2915400492286434,1.0
